sikayet,temiz_sikayet
"Yaklaşık 1 yıldır Türk Telekom faturalı hattımda (Şaşmaz 10GB tarifesi, numaramın son 4 hanesi: 7166) yüksek fatura ödemekten dolayı çok rahatsızım. Karabük'te yaşıyorum ve öğrenci olduğum için bu ücretler benim için ciddi bir yük haline geldi. Her ay sabit ve yüksek bir fatura ödüyorum, ödeyemediği...","yaklaşık 1 yıldır türk telekom faturalı hattımda şaşmaz 10gb tarifesi, numaramın son 4 hanesi 7166 yüksek fatura ödemekten dolayı çok rahatsızım. karabük te yaşıyorum ve öğrenci olduğum için bu ücretler benim için ciddi bir yük haline geldi. her ay sabit ve yüksek bir fatura ödüyorum, ödeyemediği..."
"Türk Telekom ev interneti hizmetini Antalya Muratpaşa Gülgün İletişim bayisinden başlattım. Sözleşmeye göre ilk 5 ay 220 TL, sonraki 19 ay ise 480 TL olarak anlaşmamıza rağmen, Temmuz 2025 faturam 520 TL olarak geldi. Müşteri numaram: 8860338864. 09.08.2025 tarihinde bayiye gidip danışman N**** Han...","türk telekom ev interneti hizmetini antalya muratpaşa gülgün i letişim bayisinden başlattım. sözleşmeye göre ilk 5 ay 220 tl, sonraki 19 ay ise 480 tl olarak anlaşmamıza rağmen, temmuz 2025 faturam 520 tl olarak geldi. müşteri numaram 8860338864. 09.08.2025 tarihinde bayiye gidip danışman n han..."
"Merhaba, 08.08.2025 tarihinde Türk Telekom firmasından binamıza gelen ekip, binada farklı internet aboneliği olan arkadaşların ve benim kablolarımı matkapla kesmişler. Bugün defalarca Türk Telekom'u aradım, bir bilirkişiden destek ve açıklama almak istedim fakat kimse yardımcı olamadı. Bir gündür in...","merhaba, 08.08.2025 tarihinde türk telekom firmasından binamıza gelen ekip, binada farklı internet aboneliği olan arkadaşların ve benim kablolarımı matkapla kesmişler. bugün defalarca türk telekom u aradım, bir bilirkişiden destek ve açıklama almak istedim fakat kimse yardımcı olamadı. bir gündür in..."
"Evimi taşıdım, İstanbul'da oturuyorum. Aynı mahalle içinde taşındım. Türk Telekom'a internet taşıması için başvurdum, 2 aydır hâlâ 'çalışma yapıyoruz' diye bekliyorum. Yıl olmuş 2025, sözde metropol kentte yaşıyoruz. Dünya kadar aylık ücret alınıyor ama koca firma bir interneti taşıyamıyor.","evimi taşıdım, i stanbul da oturuyorum. aynı mahalle içinde taşındım. türk telekom a internet taşıması için başvurdum, 2 aydır h l çalışma yapıyoruz diye bekliyorum. yıl olmuş 2025, sözde metropol kentte yaşıyoruz. dünya kadar aylık ücret alınıyor ama koca firma bir interneti taşıyamıyor."
"Türk Telekom ev internetinde her gün kopma ve bağlantı sorunu yaşıyorum. Müşteri hizmetlerine defalarca arıza kaydı oluşturmamıza rağmen ilgilenen olmadı. Eve ekip gelip modeme ve kablolara baksın dediğimizde, ekstra ücret verirseniz olur diyorlar. Ben Türk Telekom'a geçmeden önce Turkcell kullanıyo...","türk telekom ev internetinde her gün kopma ve bağlantı sorunu yaşıyorum. müşteri hizmetlerine defalarca arıza kaydı oluşturmamıza rağmen ilgilenen olmadı. eve ekip gelip modeme ve kablolara baksın dediğimizde, ekstra ücret verirseniz olur diyorlar. ben türk telekom a geçmeden önce turkcell kullanıyo..."
"Türk Telekom mobil hattımın taahhüdünün bitmesine 18 gün kaldı. Güncel faturam 347 TL, yeni taahhüt yaparsam yeni faturam 471 TL olacak. Yeni paket içeriği 25 GB internet, 1500 dakika, 250 SMS. Hattımı başka tarifeye taşımak istiyorum. Türk Telekom bana 18 gün kalan taahhüt sürem için 1280 TL cayma ...","türk telekom mobil hattımın taahhüdünün bitmesine 18 gün kaldı. güncel faturam 347 tl, yeni taahhüt yaparsam yeni faturam 471 tl olacak. yeni paket içeriği 25 gb internet, 1500 dakika, 250 sms. hattımı başka tarifeye taşımak istiyorum. türk telekom bana 18 gün kalan taahhüt sürem için 1280 tl cayma ..."
"Türk Telekom iş yeri internetiyle ilgili olarak, bana ait olmayan bir firmanın yeni üyelik bilgileri ve farklı müşteri numaraları birkaç kez mail adresime gönderildi. Bu maillerde, bana ait olmayan firma adı ve müşteri numarası gibi bilgiler ile birlikte kişisel veriler de yer alıyor. Benim mail adr...","türk telekom iş yeri internetiyle ilgili olarak, bana ait olmayan bir firmanın yeni üyelik bilgileri ve farklı müşteri numaraları birkaç kez mail adresime gönderildi. bu maillerde, bana ait olmayan firma adı ve müşteri numarası gibi bilgiler ile birlikte kişisel veriler de yer alıyor. benim mail adr..."
"Yaklaşık 20 gündür Kocaeli Gebze Köşklüçeşme Mahallesi adresinde Türk Telekom mobil hattımda ciddi çekim problemi yaşıyorum. Evime gelen diğer Türk Telekom kullanıcılarında da aynı sorun mevcut. Bu süreçte 4 defa müşteri hizmetleriyle görüştüm, ancak 2 görüşme hat çekmemesi nedeniyle yarıda kesildi....","yaklaşık 20 gündür kocaeli gebze köşklüçeşme mahallesi adresinde türk telekom mobil hattımda ciddi çekim problemi yaşıyorum. evime gelen diğer türk telekom kullanıcılarında da aynı sorun mevcut. bu süreçte 4 defa müşteri hizmetleriyle görüştüm, ancak 2 görüşme hat çekmemesi nedeniyle yarıda kesildi...."
Türk Telekom mobil hat sahibiyim. 18 günlük taahhüt sürem kaldı. Farklı bir operatöre geçmek için cayma bedelimi öğrenmek istiyorum 3 günden beri ancak kesinlikle bilgi verilmiyor. 40 küsur gün kala aradığımda kuruşu kuruşuna kadar söyleyen firma 3 gündür sistemde böyle bilgi olmadığını söylüyor. Ac...,türk telekom mobil hat sahibiyim. 18 günlük taahhüt sürem kaldı. farklı bir operatöre geçmek için cayma bedelimi öğrenmek istiyorum 3 günden beri ancak kesinlikle bilgi verilmiyor. 40 küsur gün kala aradığımda kuruşu kuruşuna kadar söyleyen firma 3 gündür sistemde böyle bilgi olmadığını söylüyor. ac...
"Digiturk Tarafından Aldatıldım – Türk Telekom Aboneliğim Halen Devam Ediyor! 24 Haziran 2025 tarihinde Digiturk internet hizmeti için başvuru yaptım. Satış sırasında mevcut internet sağlayıcımdan kolayca geçiş yapabileceğim ve ekstra bir işlem yapmama gerek olmadığı, Digiturk’ün birlikte çalıştığı ...","digiturk tarafından aldatıldım türk telekom aboneliğim halen devam ediyor! 24 haziran 2025 tarihinde digiturk internet hizmeti için başvuru yaptım. satış sırasında mevcut internet sağlayıcımdan kolayca geçiş yapabileceğim ve ekstra bir işlem yapmama gerek olmadığı, digiturk ün birlikte çalıştığı ..."
"6 Haziran’dan beri Türk Telekom’a numara taşıma başvurusu yaptım fakat hattım hâlâ elime ulaşmadı. Dijital Kurye adlı firma ile çalışılması nedeniyle teslimat süreci tam anlamıyla bir fiyaskoya dönüştü. İki gündür sürekli teslimat tarihi değiştiriliyor, hiçbir şekilde bilgilendirme yapılmıyor ve hat...","6 haziran dan beri türk telekom a numara taşıma başvurusu yaptım fakat hattım h l elime ulaşmadı. dijital kurye adlı firma ile çalışılması nedeniyle teslimat süreci tam anlamıyla bir fiyaskoya dönüştü. i ki gündür sürekli teslimat tarihi değiştiriliyor, hiçbir şekilde bilgilendirme yapılmıyor ve hat..."
"Millenicom’dan Türk Telekom’a ev interneti geçiş işlemi için başvuru yaptım. Geçiş sürecinde bilgilerimi alan operatör, işlemi geçiş olarak değil yeni müşteri olarak başlatmış. Bu nedenle yaklaşık 3 aydır Millenicom’a fatura ödemeye devam ediyorum ve mağduriyet yaşıyorum. Ayrıca taahhüt cayma bedeli...","millenicom dan türk telekom a ev interneti geçiş işlemi için başvuru yaptım. geçiş sürecinde bilgilerimi alan operatör, işlemi geçiş olarak değil yeni müşteri olarak başlatmış. bu nedenle yaklaşık 3 aydır millenicom a fatura ödemeye devam ediyorum ve mağduriyet yaşıyorum. ayrıca taahhüt cayma bedeli..."
"Türk Telekom gibi köklü bir firmanın bu kadar sorumsuz, başına buyruk ve müşteri memnuniyetinden tamamen uzak hareket etmesi gerçekten inanılmaz. 100 Mbps hızında, 18 ay taahhütlü kampanyalı paket için İstanbul Kağıthane’de başvuru yaptım. 4, 5 ve 6 Ağustos tarihlerinde iki kez randevu verildi, “eki...","türk telekom gibi köklü bir firmanın bu kadar sorumsuz, başına buyruk ve müşteri memnuniyetinden tamamen uzak hareket etmesi gerçekten inanılmaz. 100 mbps hızında, 18 ay taahhütlü kampanyalı paket için i stanbul kağıthane de başvuru yaptım. 4, 5 ve 6 ağustos tarihlerinde iki kez randevu verildi, eki..."
"Türk Telekom ev interneti hizmeti kapsamında, İstanbul Silivri Selimpaşa Halaskargazi Caddesi no 152 daire 4 adresinde modem port açma işlemiyle ilgili sorun yaşamaktayım. Yaklaşık 4 haftadır port açma talebimiz alınmıyor. Türk Telekom müdürlüğüne gidip başvuruda bulundum ancak kendi internet alacağ...","türk telekom ev interneti hizmeti kapsamında, i stanbul silivri selimpaşa halaskargazi caddesi no 152 daire 4 adresinde modem port açma işlemiyle ilgili sorun yaşamaktayım. yaklaşık 4 haftadır port açma talebimiz alınmıyor. türk telekom müdürlüğüne gidip başvuruda bulundum ancak kendi internet alacağ..."
Türk Telekom Fiber internet hizmeti kullanıyorum. 11 Haziran 2024 tarihinde saat 15:30’dan itibaren internet bağlantım tamamen kesildi ve yaklaşık 48 saat süreceği bildirildi. Kurumsal bir firma olarak bu kesinti nedeniyle çok ciddi ekonomik kayıp yaşadım. Ayrıca bu tür kesintiler daha önce de sık s...,türk telekom fiber internet hizmeti kullanıyorum. 11 haziran 2024 tarihinde saat 15 30 dan itibaren internet bağlantım tamamen kesildi ve yaklaşık 48 saat süreceği bildirildi. kurumsal bir firma olarak bu kesinti nedeniyle çok ciddi ekonomik kayıp yaşadım. ayrıca bu tür kesintiler daha önce de sık s...
"TTNET internet aboneliğimin feshiyle ilgili ciddi bir sorun yaşamaktayım. 3 gün önce e-Devlet üzerinden fesih başvurusu yaptığımda, bilgim dışında oluşturulan bir nakil talebi nedeniyle başvurum reddediliyor. 5186****23 numaralı bu kaydın, TTNET’in “Tempo” olarak bildirdiği aracı firma tarafından aç...","ttnet internet aboneliğimin feshiyle ilgili ciddi bir sorun yaşamaktayım. 3 gün önce e devlet üzerinden fesih başvurusu yaptığımda, bilgim dışında oluşturulan bir nakil talebi nedeniyle başvurum reddediliyor. 5186 23 numaralı bu kaydın, ttnet in tempo olarak bildirdiği aracı firma tarafından aç..."
"6 gündür ""Altyapı çalışması"" yalanıyla internet yok. Faturayı 6 gün geciktirsen tepene çökerler öyle bir firma. Otomatik yanıt sistemiyle geçiştiriyorlar. Başka hiçbir şey yaptıkları yok. Böyle de rezil ve kalitesiz bir kurum. Yıl 2025 ama bunlara muhtacız işte.",6 gündür altyapı çalışması yalanıyla internet yok. faturayı 6 gün geciktirsen tepene çökerler öyle bir firma. otomatik yanıt sistemiyle geçiştiriyorlar. başka hiçbir şey yaptıkları yok. böyle de rezil ve kalitesiz bir kurum. yıl 2025 ama bunlara muhtacız işte.
22.07.2025 -24.07.2025 tarihleri arasında Türk Telekom firmasının ev interneti hizmeti kesildi. Modem DSL sorunu vs. Gözüküyordu. Aradığımda firmayı 30 dakika lik altyapı iyileştirmesi yapalım geçmezse tekrar arayın dendi. Sonrasında internet gelmedi ve ben mobil uygulamadan sorgulama yaptım arıza g...,22.07.2025 24.07.2025 tarihleri arasında türk telekom firmasının ev interneti hizmeti kesildi. modem dsl sorunu vs. gözüküyordu. aradığımda firmayı 30 dakika lik altyapı iyileştirmesi yapalım geçmezse tekrar arayın dendi. sonrasında internet gelmedi ve ben mobil uygulamadan sorgulama yaptım arıza g...
01.07.2025'de Türk Telekom'dan teknik servis talep ettim; ertesi gün (ismi doğru hatırlıyorsam) Türk Telekom teknik ekipten V***** Bey geldi ve modeme giren telefon hattı kablosunun datayı eksik getirdiğini tespit etti. Kablonun bina giriş noktasına gittik ve bina girişinin de sorunlu olduğunu tespi...,01.07.2025 de türk telekom dan teknik servis talep ettim ertesi gün ismi doğru hatırlıyorsam türk telekom teknik ekipten v bey geldi ve modeme giren telefon hattı kablosunun datayı eksik getirdiğini tespit etti. kablonun bina giriş noktasına gittik ve bina girişinin de sorunlu olduğunu tespi...
"Türk Telekom GSM hattımı, yaşadığım bölgede ciddi çekim problemleri olduğu ve hizmeti verimli kullanamadığım için iptal ettirmek istedim. 17.07.2025 tarihinde müşteri hizmetlerini arayıp cayma bedelini sordum. Tarafıma 22.07.2025 olan fatura kesim tarihinden önce operatör değişikliği yaparsam 195 TL...","türk telekom gsm hattımı, yaşadığım bölgede ciddi çekim problemleri olduğu ve hizmeti verimli kullanamadığım için iptal ettirmek istedim. 17.07.2025 tarihinde müşteri hizmetlerini arayıp cayma bedelini sordum. tarafıma 22.07.2025 olan fatura kesim tarihinden önce operatör değişikliği yaparsam 195 tl..."
"Yaklaşık 2 yıldır Türk Telekom Prime hat kullanıyorum. Son 2 haftadır İstanbul Bağcılar Demirkapı’daki adresimde ciddi iletişim sorunları yaşıyorum. İlk olarak aramalarda karşı tarafın sesini alamıyor ve konuşma gerçekleştiremiyordum, şimdi ise son 1 haftadır mobil internet de tamamen kullanılamaz h...","yaklaşık 2 yıldır türk telekom prime hat kullanıyorum. son 2 haftadır i stanbul bağcılar demirkapı daki adresimde ciddi iletişim sorunları yaşıyorum. i lk olarak aramalarda karşı tarafın sesini alamıyor ve konuşma gerçekleştiremiyordum, şimdi ise son 1 haftadır mobil internet de tamamen kullanılamaz h..."
"3 Temmuz'da Türk Telekom'a geçtim. Geçişte ne internet kablosu değiştirildi ne yeni modem aldım ne de modem kurulumu yapıldı. Fakat benden 18 ay boyunca, aylık KDV hariç 60 lira olacak şekilde aktivasyon ücreti kesilmiş. Müşteri hizmetlerini aradığımda port ücreti olduğunu, diğer firmaların da bu üc...","3 temmuz da türk telekom a geçtim. geçişte ne internet kablosu değiştirildi ne yeni modem aldım ne de modem kurulumu yapıldı. fakat benden 18 ay boyunca, aylık kdv hariç 60 lira olacak şekilde aktivasyon ücreti kesilmiş. müşteri hizmetlerini aradığımda port ücreti olduğunu, diğer firmaların da bu üc..."
"Türk Telekom ev internetimiz kesildi. 10 gündür modem bağlantıları zor yapıldı, 1 saat internet geldi, yine gitti. Defalarca arıyoruz; bugün geleceğiz, yarın geleceğiz, şu saatte geleceğiz diyorlar ama hiçbirinde gelmiyorlar. Ben bu kadar insanı geçiştiren bir firma görmedim. Ödemeyi tam alıyorsunuz...","türk telekom ev internetimiz kesildi. 10 gündür modem bağlantıları zor yapıldı, 1 saat internet geldi, yine gitti. defalarca arıyoruz bugün geleceğiz, yarın geleceğiz, şu saatte geleceğiz diyorlar ama hiçbirinde gelmiyorlar. ben bu kadar insanı geçiştiren bir firma görmedim. ödemeyi tam alıyorsunuz..."
1899885419 hizmet numaralı Türk Telekom internetimiz geçen haftadan bu yana arızalıdır. Geçen hafta bölgemizde elektrik ve internet kesintisi yapılmıştı. Sonrasında internetimiz inanılmaz derecede yavaşladı ve kullanılamaz hale geldi. Kurumsal bir firma olmamız nedeniyle tüm işlerimiz aksamakta ve g...,1899885419 hizmet numaralı türk telekom internetimiz geçen haftadan bu yana arızalıdır. geçen hafta bölgemizde elektrik ve internet kesintisi yapılmıştı. sonrasında internetimiz inanılmaz derecede yavaşladı ve kullanılamaz hale geldi. kurumsal bir firma olmamız nedeniyle tüm işlerimiz aksamakta ve g...
Türk Telekom internet satış yaptığı ürünü 8 gündür başvuru sürecinde bekletip müşteri hizmetinde randevu güncellemesi yapmadınız diye müşteriyi suçluyor ve üstüne bir 8 gün daha bekleteceğini çünkü daha erken bir tarih olmadığını söylüyor. Ama satış yapılırken asla 16 günde satın aldığımız hizmeti v...,türk telekom internet satış yaptığı ürünü 8 gündür başvuru sürecinde bekletip müşteri hizmetinde randevu güncellemesi yapmadınız diye müşteriyi suçluyor ve üstüne bir 8 gün daha bekleteceğini çünkü daha erken bir tarih olmadığını söylüyor. ama satış yapılırken asla 16 günde satın aldığımız hizmeti v...
"Bartın/Merkez’de ikamet ettiğim binada fiber altyapı dönüşümü olacağı belirtildi. Bu nedenle iki kez randevu oluşturuldu; ancak her iki seferde de belirtilen tarihlerde ekipler gelmedi. 2 Ağustos 2025 öğleden itibaren internet erişimim tamamen kesildi. Müşteri hizmetlerini aradığımda, fiber dönüşüm ...","bartın merkez de ikamet ettiğim binada fiber altyapı dönüşümü olacağı belirtildi. bu nedenle iki kez randevu oluşturuldu ancak her iki seferde de belirtilen tarihlerde ekipler gelmedi. 2 ağustos 2025 öğleden itibaren internet erişimim tamamen kesildi. müşteri hizmetlerini aradığımda, fiber dönüşüm ..."
"Türk Telekom, internet adres değişikliğinde hem bir hafta sonraya randevu veriyor. Üstelik, o tarihte de gelmiyorlar ve 'geldik, adreste yoktular' diye not düşüyorlar. Fatura zamanı gelince ödemeyi hemen alıyorlar. Ödenmeyince kesmesini de biliyorlar ama iş hizmete gelince ortada yoklar. Taahhüt bit...","türk telekom, internet adres değişikliğinde hem bir hafta sonraya randevu veriyor. üstelik, o tarihte de gelmiyorlar ve geldik, adreste yoktular diye not düşüyorlar. fatura zamanı gelince ödemeyi hemen alıyorlar. ödenmeyince kesmesini de biliyorlar ama iş hizmete gelince ortada yoklar. taahhüt bit..."
"13 Mayıs 2015 tarihinde Türk Telekom faturalı hattımda tarife değişikliği yaptım. Daha önce benzer taleplerimde (22 Mart ve 12 Nisan) cayma bedeliyle ilgili bana kısa mesaj gönderilmiş ve ne kadar ücret yansıyacağı bildirilmişti. Ancak son geçiş işlemimde herhangi bir bilgilendirme yapılmadı, buna r...","13 mayıs 2015 tarihinde türk telekom faturalı hattımda tarife değişikliği yaptım. daha önce benzer taleplerimde 22 mart ve 12 nisan cayma bedeliyle ilgili bana kısa mesaj gönderilmiş ve ne kadar ücret yansıyacağı bildirilmişti. ancak son geçiş işlemimde herhangi bir bilgilendirme yapılmadı, buna r..."
Türk Telekom mobil hattımın taahhüdünün bitmesin 60 gün varken hattımı değiştirdim. Cayma bedeli olarak 3.332 TL talep ettiler. İtiraz ettim işe yaramadı. 10 ay boyunca ödediğim tutar kadar 60 gün için para aldılar. Bir daha Türk Telekom ile çalışmayacağım. Gibi tüm tanıdık tanımadık herkese anlatac...,türk telekom mobil hattımın taahhüdünün bitmesin 60 gün varken hattımı değiştirdim. cayma bedeli olarak 3.332 tl talep ettiler. i tiraz ettim işe yaramadı. 10 ay boyunca ödediğim tutar kadar 60 gün için para aldılar. bir daha türk telekom ile çalışmayacağım. gibi tüm tanıdık tanımadık herkese anlatac...
"Türk Telekom firmasının ne yazık ki ev interneti müşterisiyim. Taahhüt sürem dolmak üzere ve geçiş yapacağım düzgün bir firma olmadığı, ayrıca uğraşmak istemediğim için tekrar taahhüt yenilemek istedim. İnternet sitesinden mevcut müşteri kampanyalarına baktığımda, 18 ay taahhütlü 100 Mbps 640 TL ola...","türk telekom firmasının ne yazık ki ev interneti müşterisiyim. taahhüt sürem dolmak üzere ve geçiş yapacağım düzgün bir firma olmadığı, ayrıca uğraşmak istemediğim için tekrar taahhüt yenilemek istedim. i nternet sitesinden mevcut müşteri kampanyalarına baktığımda, 18 ay taahhütlü 100 mbps 640 tl ola..."
"Türk Telekom arıza kaydı için geleceklerini söylediler... 5180****13 numaralı internet arızanız çözümlenmiştir diye mesaj geldi... Telepati ile mi çözümlediniz naptınız? Kimse gelmedi, sebebi ne acaba? Sıcaksa bize de sıcak, yoğunsanız bizde yoğunuz... Dönüş yapılmazsa aboneliğimi sonlandıracağım. B...","türk telekom arıza kaydı için geleceklerini söylediler... 5180 13 numaralı internet arızanız çözümlenmiştir diye mesaj geldi... telepati ile mi çözümlediniz naptınız? kimse gelmedi, sebebi ne acaba? sıcaksa bize de sıcak, yoğunsanız bizde yoğunuz... dönüş yapılmazsa aboneliğimi sonlandıracağım. b..."
Şikayet Eden: R* F**** A**** Şikayet Edilen Firma: Türk Telekom (TTNET) Konu: Taahhüt Süresinin Bilgim Dışında Uzatılması Açıklama: Tarafıma Türk Tel...,şikayet eden r f a şikayet edilen firma türk telekom ttnet konu taahhüt süresinin bilgim dışında uzatılması açıklama tarafıma türk tel...
Yaklaşık 3 hafta önce internet başvurusu yaptım. Başvuru yaptığım firma Türk Telekom'un gelip kontrol edeceğini ve onlar uygunluk verdikten sonra internetimi bağlayacaklarını söylediler. 3 haftadır Türk Telekom nasıl yoğunsa gelip bakma fırsatları hiç olmadı. Sizden almadığım için mi işinizi bu kada...,yaklaşık 3 hafta önce internet başvurusu yaptım. başvuru yaptığım firma türk telekom un gelip kontrol edeceğini ve onlar uygunluk verdikten sonra internetimi bağlayacaklarını söylediler. 3 haftadır türk telekom nasıl yoğunsa gelip bakma fırsatları hiç olmadı. sizden almadığım için mi işinizi bu kada...
TÜRKSAT Kablo Net üzerinden internet aboneliği ne başvurdum 21.07.2025 tarihinde o günden bu bu yana gelip internet bağlantısının yapılmasını bekliyorum. Her gün arıyorum altyapının Türk Telekom isimli firmaya ait olduğu ve bağlantının ilgili firma tarafından yapılacağı tarafıma iletiliyor. Aynı bin...,türksat kablo net üzerinden internet aboneliği ne başvurdum 21.07.2025 tarihinde o günden bu bu yana gelip internet bağlantısının yapılmasını bekliyorum. her gün arıyorum altyapının türk telekom isimli firmaya ait olduğu ve bağlantının ilgili firma tarafından yapılacağı tarafıma iletiliyor. aynı bin...
Türk Telekom yıllardır evde internet abonesiyim. Ancak yenileme zamanı geldiğinde 385 olan faturam 1000 TL den bana abonelik sunuluyor. Mobilden yenileme teklifleri çok cazip çıkmıyor ve seçenek sunulmuyor. Mevcut müşteriye dayatılan zorlama paketler ile abonelik yaptırma durumu çok kurumsallıktan u...,türk telekom yıllardır evde internet abonesiyim. ancak yenileme zamanı geldiğinde 385 olan faturam 1000 tl den bana abonelik sunuluyor. mobilden yenileme teklifleri çok cazip çıkmıyor ve seçenek sunulmuyor. mevcut müşteriye dayatılan zorlama paketler ile abonelik yaptırma durumu çok kurumsallıktan u...
"Trabzon/Akçaabat Kavaklı 10702 No'lu Sokak F/A Blok yöneticisi olarak, binamızın girişine bina yönetiminden izinsiz olarak Türk Telekom altyapı çalışması, taşeron firma tarafından yapılmış; bina çevresinde tahribata neden olunmuş ve binanın kullanımına uygun olmayan bir alana kablo taşıması yapılmış...","trabzon akçaabat kavaklı 10702 no lu sokak f a blok yöneticisi olarak, binamızın girişine bina yönetiminden izinsiz olarak türk telekom altyapı çalışması, taşeron firma tarafından yapılmış bina çevresinde tahribata neden olunmuş ve binanın kullanımına uygun olmayan bir alana kablo taşıması yapılmış..."
"TT Mobil Enflasyon adı altında 20 GB internet, 1000 dakika ve 250 SMS'i düzgün çekmeyen hattın faturasını kampanyalı fiyata 600 TL'ye sabitlediler. Daha uygun bir tarife bulunca operatör değiştirmek istedim. 73 günlük taahhüdün cayma bedelini öğrenmek için aradığımda 3374 TL gibi bir tutar çıkarıldı...","tt mobil enflasyon adı altında 20 gb internet, 1000 dakika ve 250 sms i düzgün çekmeyen hattın faturasını kampanyalı fiyata 600 tl ye sabitlediler. daha uygun bir tarife bulunca operatör değiştirmek istedim. 73 günlük taahhüdün cayma bedelini öğrenmek için aradığımda 3374 tl gibi bir tutar çıkarıldı..."
0 (850) 678 01 48 bu numaradan kendilerini Türk Telekom'dan aradıklarını söyleyerek mevcut operatör hakkında saçma sapan bilgiler verip beni Türk Telekom'a geçirmeye çalışıyorlar. Şimdi Türk Telekom bizimle alakası yok diyecek ama kimse hayrına Türk Telekom adına insanları arayıp kişisel bilgilerine...,0 850 678 01 48 bu numaradan kendilerini türk telekom dan aradıklarını söyleyerek mevcut operatör hakkında saçma sapan bilgiler verip beni türk telekom a geçirmeye çalışıyorlar. şimdi türk telekom bizimle alakası yok diyecek ama kimse hayrına türk telekom adına insanları arayıp kişisel bilgilerine...
Yaklaşık 1 yıldır bulunduğum evde Türk Telekom hattım çekmiyor. Son 3 aydır neredeyse tüm zamanım evde geçiyor. Sabit internetim varken pek gözüme çarpmıyordu fakat önceki şikayetlerimden anlayacağınız üzere 15 günlük bir sabit internet kesintisi yaşadım. Bu kesinti sırasında doğal olarak mobil veri...,yaklaşık 1 yıldır bulunduğum evde türk telekom hattım çekmiyor. son 3 aydır neredeyse tüm zamanım evde geçiyor. sabit internetim varken pek gözüme çarpmıyordu fakat önceki şikayetlerimden anlayacağınız üzere 15 günlük bir sabit internet kesintisi yaşadım. bu kesinti sırasında doğal olarak mobil veri...
Türk Telekom zaten bir an önce taahhüt bozmak istediğim zamanında geçtiğim için beni pişman eden bir firma. Asla müşteriye kıymet vermiyorlar. Şimdi de Sil Süpür butonunu kaldırmışlar çıkmıyor ve kullanamıyorum. Taahhüdüm bitince sizden kurtulacağım için çok mutluyum.,türk telekom zaten bir an önce taahhüt bozmak istediğim zamanında geçtiğim için beni pişman eden bir firma. asla müşteriye kıymet vermiyorlar. şimdi de sil süpür butonunu kaldırmışlar çıkmıyor ve kullanamıyorum. taahhüdüm bitince sizden kurtulacağım için çok mutluyum.
"İnternetim saatlerdir yavaş, donuk ve çok kötü. Müşteri hizmetlerini defalarca aradığım halde, 'Sistemde arıza veya kopma göremiyoruz, bağlantınızda sorun yok' diyerek asla yardımcı olmadılar. O kadar para alıp, firma hatasının arkasında bile duramıyorlar, yardımcı olamıyorlar. 'Bir ekip gönderelim,...","i nternetim saatlerdir yavaş, donuk ve çok kötü. müşteri hizmetlerini defalarca aradığım halde, sistemde arıza veya kopma göremiyoruz, bağlantınızda sorun yok diyerek asla yardımcı olmadılar. o kadar para alıp, firma hatasının arkasında bile duramıyorlar, yardımcı olamıyorlar. bir ekip gönderelim,..."
Türk Telekom hattı aldığım günden bu yana hattım şebeke ve internet bağlantısı sorunu yaşıyorum. İyileştirme yapılıyor deniyor ama nedense halen iyileştirme alanında bir adım yol alınmadı. Son kez firma yetkilerine buradan ulaşarak mağduriyetin giderilmesi umudumla yazıyorum. Bu gidişte Tüketici Mah...,türk telekom hattı aldığım günden bu yana hattım şebeke ve internet bağlantısı sorunu yaşıyorum. i yileştirme yapılıyor deniyor ama nedense halen iyileştirme alanında bir adım yol alınmadı. son kez firma yetkilerine buradan ulaşarak mağduriyetin giderilmesi umudumla yazıyorum. bu gidişte tüketici mah...
"30.07. 2025 tarihinde tarafıma Türk Telekom müşteri hizmetleri ® olduğunu söyleyen 08509010979 numarası beni arayarak çok cazip bir teklif yaparak beni Türk Telekom abonesi olmam için ikna etti. Vodafone da faturamın bitmesine bir ay kaldığı için kabul ettim, fakat benden adres bilgilerimi kimliğimi...","30.07. 2025 tarihinde tarafıma türk telekom müşteri hizmetleri olduğunu söyleyen 08509010979 numarası beni arayarak çok cazip bir teklif yaparak beni türk telekom abonesi olmam için ikna etti. vodafone da faturamın bitmesine bir ay kaldığı için kabul ettim, fakat benden adres bilgilerimi kimliğimi..."
"Merhabalar, 2019 ve 2024 yıllarında boş port olmadığı gerekçesiyle yıllardır bekliyorum. Sürekli mesaj atıyor, müşteri hizmetlerini arıyor ve genel müdürlüğe giderek dilekçe veriyorum; ancak hâlâ bir sonuç alamadım. 2025 yılında yaşıyoruz, milattan önce değiliz. Bu kadar vurdumduymaz bir firma olama...","merhabalar, 2019 ve 2024 yıllarında boş port olmadığı gerekçesiyle yıllardır bekliyorum. sürekli mesaj atıyor, müşteri hizmetlerini arıyor ve genel müdürlüğe giderek dilekçe veriyorum ancak h l bir sonuç alamadım. 2025 yılında yaşıyoruz, milattan önce değiliz. bu kadar vurdumduymaz bir firma olama..."
Türk Telekom aboneliğimi 29 haziranda sonlandırdım ve hattımı başka operatöre taşıdım. Son faturamı da ödedim ve borcum kalmadı ama şimdi bana 2000 liralık fatura kesilmiş. Hiç kullanmadığım abonesi bile olmadığım firma bana nasıl fatura kesebilir. Ayrıca müşteri hizmetlerini arıyorum kesinlikle cev...,türk telekom aboneliğimi 29 haziranda sonlandırdım ve hattımı başka operatöre taşıdım. son faturamı da ödedim ve borcum kalmadı ama şimdi bana 2000 liralık fatura kesilmiş. hiç kullanmadığım abonesi bile olmadığım firma bana nasıl fatura kesebilir. ayrıca müşteri hizmetlerini arıyorum kesinlikle cev...
TurkNet abonesiyim fakat Türk Telekom tarafından Yaklaşık 2 aydır dairemin fiber kabloları çekildi. Fiber internete geçmek için TurkNet'i aradım altyapımın VDSL göründüğünü fiber desteklemediğini konu ile alakalı Türk Telekom ile görüşmem gerektiği söylendi. Türk Telekom'u aradığımda TurkNet müşteri...,turknet abonesiyim fakat türk telekom tarafından yaklaşık 2 aydır dairemin fiber kabloları çekildi. fiber internete geçmek için turknet i aradım altyapımın vdsl göründüğünü fiber desteklemediğini konu ile alakalı türk telekom ile görüşmem gerektiği söylendi. türk telekom u aradığımda turknet müşteri...
Beyler TTNET'ten modem sipariş ettim AGT kuryemi dir. Nedir bu bana ulaştıracak firma daha önce kullanmadım bilmiyorum. Müşteri hizmetlerinin 7 gün içinde evinize gelir demesine rağmen bana 1 aylık teslim süresi verdi. Ben bin pişmanım bir daha siparişlerimde asla bu firmayı kullanmayacağım. Adamlar...,beyler ttnet ten modem sipariş ettim agt kuryemi dir. nedir bu bana ulaştıracak firma daha önce kullanmadım bilmiyorum. müşteri hizmetlerinin 7 gün içinde evinize gelir demesine rağmen bana 1 aylık teslim süresi verdi. ben bin pişmanım bir daha siparişlerimde asla bu firmayı kullanmayacağım. adamlar...
Yeni aldığım daireme internet bağlatmak istiyorum fakat bizden önce oturan kişinin aboneliğine ait iş emri bulunuyor. Türk Telekom müşteri hizmetlerini aradığımda sorun olmayacağını ve başvuruyu alabileceklerini söyledi. Fakat örneğin t*** ve V*N** üzerinden sorguladığımda ilgili adreste farklı bir ...,yeni aldığım daireme internet bağlatmak istiyorum fakat bizden önce oturan kişinin aboneliğine ait iş emri bulunuyor. türk telekom müşteri hizmetlerini aradığımda sorun olmayacağını ve başvuruyu alabileceklerini söyledi. fakat örneğin t ve v n üzerinden sorguladığımda ilgili adreste farklı bir ...
"Ülkemi seven biri olarak bugün fark ettim ki yerli ve milli adı altında hiçbir ürün veya marka kullanılmamalı. Fiber internet için yaptığım altyapı başvurusunda, Türk Telekom ekipleri tarafından çekilen altyapı kablolarının hepsi çekilip daire bağlantısı için elektrikçi çağırmamız gerektiği, apartma...","ülkemi seven biri olarak bugün fark ettim ki yerli ve milli adı altında hiçbir ürün veya marka kullanılmamalı. fiber internet için yaptığım altyapı başvurusunda, türk telekom ekipleri tarafından çekilen altyapı kablolarının hepsi çekilip daire bağlantısı için elektrikçi çağırmamız gerektiği, apartma..."
"15+ yıldır kullandığım Türk Telekom tarafından mağdur edildim. Bir firma nasıl bu kadar kötü olabilir, anlatmak istiyorum. Geçen sene paket aşımında duran paket varken, bu sene internet bittikten sonra 5 dakikalık kullanım için 360 TL fatura geldi. Zaten aylık 350 TL ödüyoruz. Ne açık bir uyarı var,...","15 yıldır kullandığım türk telekom tarafından mağdur edildim. bir firma nasıl bu kadar kötü olabilir, anlatmak istiyorum. geçen sene paket aşımında duran paket varken, bu sene internet bittikten sonra 5 dakikalık kullanım için 360 tl fatura geldi. zaten aylık 350 tl ödüyoruz. ne açık bir uyarı var,..."
"Eşimin adına kayıtlı, ancak benim kullandığım Türk Telekom hattımı, askeri personel olmam nedeniyle sınır ötesinde çekmediği için Turkcell'e taşıttım. Taşıma işlemini zorunlu olarak gerçekleştirdim, fakat buna rağmen 3.932 TL gibi yüksek bir fatura ile karşılaştım ve bu durum beni şaşırttı. Ailemde ...","eşimin adına kayıtlı, ancak benim kullandığım türk telekom hattımı, askeri personel olmam nedeniyle sınır ötesinde çekmediği için turkcell e taşıttım. taşıma işlemini zorunlu olarak gerçekleştirdim, fakat buna rağmen 3.932 tl gibi yüksek bir fatura ile karşılaştım ve bu durum beni şaşırttı. ailemde ..."
"Hayatımda sizin kadar sorunlara çözüm bulamayan bir firma görmedim. Sizi arıyorum ve diyorum ki: Home office çalışıyorum. Evimde Wi-Fi varken, telefon internetimden çalışmak zorunda kalmak istemiyorum. Benim talebimle uzaktan yeniden başlatma işlemi yapılıyor ancak sorun hala devam ediyor. Hizmeti d...","hayatımda sizin kadar sorunlara çözüm bulamayan bir firma görmedim. sizi arıyorum ve diyorum ki home office çalışıyorum. evimde wi fi varken, telefon internetimden çalışmak zorunda kalmak istemiyorum. benim talebimle uzaktan yeniden başlatma işlemi yapılıyor ancak sorun hala devam ediyor. hizmeti d..."
"Türk Telekom'dan taşınabilir modem aldım. 300 GB ve 4.5G hızında olmasına rağmen şöyle bir sorunumuz var: 4.5G'yi bırakın, 3G interneti bile sağlamıyor; 3-4 MB hızda kullanıyoruz. Ürünü alırken Türk Telekom çalışanları, herhangi bir sorun yaşamayacağımı ve 4.5G'nin çekmediği bir alan olmadığını söyl...","türk telekom dan taşınabilir modem aldım. 300 gb ve 4.5g hızında olmasına rağmen şöyle bir sorunumuz var 4.5g yi bırakın, 3g interneti bile sağlamıyor 3 4 mb hızda kullanıyoruz. ürünü alırken türk telekom çalışanları, herhangi bir sorun yaşamayacağımı ve 4.5g nin çekmediği bir alan olmadığını söyl..."
"Yaklaşık bir ay önce, yaşlı anne ve babamın (80 ve 68 yaşında) evinde 16 Mbps limitsiz fiber Türk Telekom internet hizmeti başlattık. Ancak son iki gündür hiç internet hizmeti alamıyoruz. Destek hattını aradığımda, fiziksel bir kablo kopması durumu olmadığı sürece teknik ekip göndermeyeceklerini, e...","yaklaşık bir ay önce, yaşlı anne ve babamın 80 ve 68 yaşında evinde 16 mbps limitsiz fiber türk telekom internet hizmeti başlattık. ancak son iki gündür hiç internet hizmeti alamıyoruz. destek hattını aradığımda, fiziksel bir kablo kopması durumu olmadığı sürece teknik ekip göndermeyeceklerini, e..."
"24.07.2025 tarihinde Lambacı sok. Bora apt no 2 d 6 Koşuyolu adresinde bağlı olan Türk Telekom internet hizmetim belirttiğim adresin önünde, cadde üzerinde, Vodafone fiber altyapı kazı çalışması yapıldığı anda kesilmiştir. O günden beri sürekli olarak Türk Telekom'u arayıp bildirimlerde ve şikayette...","24.07.2025 tarihinde lambacı sok. bora apt no 2 d 6 koşuyolu adresinde bağlı olan türk telekom internet hizmetim belirttiğim adresin önünde, cadde üzerinde, vodafone fiber altyapı kazı çalışması yapıldığı anda kesilmiştir. o günden beri sürekli olarak türk telekom u arayıp bildirimlerde ve şikayette..."
Hattımı Türk Telekom'dan Turkcell'e taşıdım. Bu süreçte 10 günlük bir taahhüt bozma durumum oldu. Bu taahhüt bozma ücreti ne kadar yansır diye Türk Telekom yetkililerine danıştım. Bana 100-200 TL tutarı bir ücretten bahsettiler. Ancak hattıma yansıyan fark 800 TL oldu. Hani 100 lira hani 600 lira no...,hattımı türk telekom dan turkcell e taşıdım. bu süreçte 10 günlük bir taahhüt bozma durumum oldu. bu taahhüt bozma ücreti ne kadar yansır diye türk telekom yetkililerine danıştım. bana 100 200 tl tutarı bir ücretten bahsettiler. ancak hattıma yansıyan fark 800 tl oldu. hani 100 lira hani 600 lira no...
Türk Telekom pişmanlıktır. Haftalık 4 GB internet paketi satın almadığım halde tarafıma 500 TL gibi bir fark ücreti yansıltılmıştır. Müşteriyi daha çok fatura bedeli yansıtırız derdindeler. Tek seferlik haftalık 4 GB internet paketi almama rağmen bilgim dışında faturama haftalık 4 defa 500 TL'lik in...,türk telekom pişmanlıktır. haftalık 4 gb internet paketi satın almadığım halde tarafıma 500 tl gibi bir fark ücreti yansıltılmıştır. müşteriyi daha çok fatura bedeli yansıtırız derdindeler. tek seferlik haftalık 4 gb internet paketi almama rağmen bilgim dışında faturama haftalık 4 defa 500 tl lik in...
"Online olarak Türk Telekom ev interneti için başvuruda bulundum. Müşteri hizmetleri aradı, sözleşmeler onaylandı eksikler giderildi. Kurulum için 21 Temmuz gününe randevu verildi. O tarih bana uygun olmadığı için müşteri hizmetlerini aradım ve randevu güncellemesi yapıldı. 28 Temmuz tarihine. Güncel...","online olarak türk telekom ev interneti için başvuruda bulundum. müşteri hizmetleri aradı, sözleşmeler onaylandı eksikler giderildi. kurulum için 21 temmuz gününe randevu verildi. o tarih bana uygun olmadığı için müşteri hizmetlerini aradım ve randevu güncellemesi yapıldı. 28 temmuz tarihine. güncel..."
"Telekom şirketi kadar dürüst olmayan bir firma görmedim. Bu şirketle kesinlikle iş yapılmamalı. Bir buçuk aydır kablo kesik olduğunu bildiriyorum, onlar ise sürekli olarak ekiplerimizi yönlendirdik ya da altyapı çalışması var diyorlar. Ancak mahallede hiçbir çalışma göremiyorum. Çalışmanın iptal edi...","telekom şirketi kadar dürüst olmayan bir firma görmedim. bu şirketle kesinlikle iş yapılmamalı. bir buçuk aydır kablo kesik olduğunu bildiriyorum, onlar ise sürekli olarak ekiplerimizi yönlendirdik ya da altyapı çalışması var diyorlar. ancak mahallede hiçbir çalışma göremiyorum. çalışmanın iptal edi..."
"Türk Telekom ev internetim 10 gündür kesik. Müşteri hizmetleri sürekli 'bugün, yarın, şu saatte gelecek' diye bilgi veriyor, ancak hiçbir şekilde gelmiyor. Turkcell altyapı kurulumunda Türk Telekom hatlarını koparmışlar ve onarım yapılmadan gitmişler sanırım. Fakat Türk Telekom'un konu ile ilgili hi...","türk telekom ev internetim 10 gündür kesik. müşteri hizmetleri sürekli bugün, yarın, şu saatte gelecek diye bilgi veriyor, ancak hiçbir şekilde gelmiyor. turkcell altyapı kurulumunda türk telekom hatlarını koparmışlar ve onarım yapılmadan gitmişler sanırım. fakat türk telekom un konu ile ilgili hi..."
"Isparta Yazısöğüt Köyü'nde 3 aydır internetim arızalı. Türk Telekom ekipleri ne yapıyor acaba? Engelli bir bireyim ve tek eğlencem internet. Lütfen artık şu sorunu çözün. Sürekli günü uzatıp duruyorlar, 3 ay oldu. Firma o kadar reklam yapıp övünüyor ama köydeki arızayı hala çözemiyor.","isparta yazısöğüt köyü nde 3 aydır internetim arızalı. türk telekom ekipleri ne yapıyor acaba? engelli bir bireyim ve tek eğlencem internet. lütfen artık şu sorunu çözün. sürekli günü uzatıp duruyorlar, 3 ay oldu. firma o kadar reklam yapıp övünüyor ama köydeki arızayı hala çözemiyor."
"Türk Telekom müşteri hizmetlerine asla ulaşamıyorum. Oradan başka bir yere aktarıyorlar, ancak bir açıklama yapan yok. Kafalarına göre işlem yapıyorlar. Bu neden oldu diye sorduğumda açıklama yapılmıyor. Sadece pişmanlık yaşıyorum. Cuma günü hattımı kesinlikle taşıyacağım. Sanki başka firma yok.","türk telekom müşteri hizmetlerine asla ulaşamıyorum. oradan başka bir yere aktarıyorlar, ancak bir açıklama yapan yok. kafalarına göre işlem yapıyorlar. bu neden oldu diye sorduğumda açıklama yapılmıyor. sadece pişmanlık yaşıyorum. cuma günü hattımı kesinlikle taşıyacağım. sanki başka firma yok."
"Türk Telekom internet kesme problemi: Hattınızın 3 Ağustos'ta kesileceğine dair mesaj geliyor. Sonrasında ise 27 Temmuz'da internet kesiliyor. Ben her ayın başında ödeme yapıyorum, sadece açma kapama parası alabilmek için yanlış bir yol izliyorsunuz. Elimde SMS var, gerekli yerlere de sizi şikayet e...","türk telekom internet kesme problemi hattınızın 3 ağustos ta kesileceğine dair mesaj geliyor. sonrasında ise 27 temmuz da internet kesiliyor. ben her ayın başında ödeme yapıyorum, sadece açma kapama parası alabilmek için yanlış bir yol izliyorsunuz. elimde sms var, gerekli yerlere de sizi şikayet e..."
Balıkesir Merkez Taşpınar Mahallesinde ikamet etmekteyim. Yaşadığımız bölgede birçok evde internet hattı bulunmaktadır. Fakat yeni yapılmış olan bizim evimizin ve bizimle birlikte yeni 4-5 evin bulunduğu sokakta internet direği olmadığından günlerdir Türk Telekom'dan gelip internet hattı için direk ...,balıkesir merkez taşpınar mahallesinde ikamet etmekteyim. yaşadığımız bölgede birçok evde internet hattı bulunmaktadır. fakat yeni yapılmış olan bizim evimizin ve bizimle birlikte yeni 4 5 evin bulunduğu sokakta internet direği olmadığından günlerdir türk telekom dan gelip internet hattı için direk ...
"Türk Telekom evden internet hizmeti tam anlamıyla büyük bir sorun halini aldı. Günümüzde internet, artık lüks değil, temel bir ihtiyaç; eğitimden çalışma hayatına, bankacılıktan iletişime kadar her şey internet üzerinden gerçekleşiyor. Ancak Türk Telekom’un altyapı yetersizliği, müşteri hizmetlerind...","türk telekom evden internet hizmeti tam anlamıyla büyük bir sorun halini aldı. günümüzde internet, artık lüks değil, temel bir ihtiyaç eğitimden çalışma hayatına, bankacılıktan iletişime kadar her şey internet üzerinden gerçekleşiyor. ancak türk telekom un altyapı yetersizliği, müşteri hizmetlerind..."
"Türk Telekom'un çalıştığı dijital kurye ile ilgili ciddi bir sorun yaşadım. Online başvuru kabul edilmesine rağmen, teslimat işlemi gerçekleşmedi ve bu konuda herhangi bir çözüm sunulmadı. Hat taşıma işlemleri tamamlandı ancak teslimat yapılmadı ve bu durum mağduriyet oluşturdu. Firma, çalıştığı kur...","türk telekom un çalıştığı dijital kurye ile ilgili ciddi bir sorun yaşadım. online başvuru kabul edilmesine rağmen, teslimat işlemi gerçekleşmedi ve bu konuda herhangi bir çözüm sunulmadı. hat taşıma işlemleri tamamlandı ancak teslimat yapılmadı ve bu durum mağduriyet oluşturdu. firma, çalıştığı kur..."
Türk Telekom altyapısı binamızda bulunmasına rağmen firma internet bağlamamaktadır. Sistem üzerinde altyapı yoktur. Hatası vermektedir. İzmit Türk Telekom müdürlüğünden başvuru yapmamıza rağmen geri dönüş olmamaktadır. 1 aydır gidip geliyoruz ama her seferinde ilgili yerlere ilettik şeklinde cevap a...,türk telekom altyapısı binamızda bulunmasına rağmen firma internet bağlamamaktadır. sistem üzerinde altyapı yoktur. hatası vermektedir. i zmit türk telekom müdürlüğünden başvuru yapmamıza rağmen geri dönüş olmamaktadır. 1 aydır gidip geliyoruz ama her seferinde ilgili yerlere ilettik şeklinde cevap a...
25/07/2025 tarihinde Türk Telekom ev internetini kapattırdım. 15 dakika da kapattılar. Ancak uygulamaya girdiğimde hala hesabımın açık olduğunu gördüm...,25 07 2025 tarihinde türk telekom ev internetini kapattırdım. 15 dakika da kapattılar. ancak uygulamaya girdiğimde hala hesabımın açık olduğunu gördüm...
"Türk Telekom evde internet kullanmaktayım. 3 gündür beri internetim yok, müşteri hizmetlerini aradığımda canlı yardıma bağlandırmadan ""sorunun bölgesel kaynaklı olduğu, 5 gün boyunca internet olmayacağı"" söyleniyor. Sebebini sorduğumda ise bilgi verilmiyor ve ekstra şikayet kaydı oluşturulmuyor. So...","türk telekom evde internet kullanmaktayım. 3 gündür beri internetim yok, müşteri hizmetlerini aradığımda canlı yardıma bağlandırmadan sorunun bölgesel kaynaklı olduğu, 5 gün boyunca internet olmayacağı söyleniyor. sebebini sorduğumda ise bilgi verilmiyor ve ekstra şikayet kaydı oluşturulmuyor. so..."
"Türk Telekom mobil hattım var. Prime tarifelerinden birini kullanmaktaydım. Taahhüdüm bitince taahhütsüz bir biçimde kullanmaya devam ediyordum. Fakat beni aradılar ve 'Faturanız yüksek geliyor, dolayısıyla size 3 aylık %10 indirim yapalım' dediler. Daha sonra ise tüm Prime ayrıcalıklarımı iptal etm...","türk telekom mobil hattım var. prime tarifelerinden birini kullanmaktaydım. taahhüdüm bitince taahhütsüz bir biçimde kullanmaya devam ediyordum. fakat beni aradılar ve faturanız yüksek geliyor, dolayısıyla size 3 aylık 10 indirim yapalım dediler. daha sonra ise tüm prime ayrıcalıklarımı iptal etm..."
"4 temmuzda Türk Telekom'a geçmek için başvuruda bulundum bugün 26 Temmuz ve hala geçemedim. Bir hattı müşteriye iletmekten muzdaripler. 2 kez şubeden, 1 kez 2 saat yol giderek merkez şubeden başvurdum. Beceremedikleri için 3 kez de müşteri temsilcisinden başvurdum ve yaklaşık 20 gündür tarafıma diji...","4 temmuzda türk telekom a geçmek için başvuruda bulundum bugün 26 temmuz ve hala geçemedim. bir hattı müşteriye iletmekten muzdaripler. 2 kez şubeden, 1 kez 2 saat yol giderek merkez şubeden başvurdum. beceremedikleri için 3 kez de müşteri temsilcisinden başvurdum ve yaklaşık 20 gündür tarafıma diji..."
Yaklaşık 1-2 ay önce telefon hattımı Türk Telekom'a taşımak için müşteri hizmetleriyle iletişime geçtim ve o ay belirlenen fiyat üzerinden 12 ay taahhütlü tarifeye geçiş yaptım. Ancak bugün öğrendim ki geçtiğim tarife taahhütlü değilmiş. Aylık ödemem 150 TL civarında olması gerekirken 500 TL civarın...,yaklaşık 1 2 ay önce telefon hattımı türk telekom a taşımak için müşteri hizmetleriyle iletişime geçtim ve o ay belirlenen fiyat üzerinden 12 ay taahhütlü tarifeye geçiş yaptım. ancak bugün öğrendim ki geçtiğim tarife taahhütlü değilmiş. aylık ödemem 150 tl civarında olması gerekirken 500 tl civarın...
"Ben kimsenin kölesi değilim, çıkar ilişkileriyle ayakta kalanlardan da değilim. Bu ülkenin binlerce yıllık tarihine sahip çıkan bir Türk vatandaşıyım. Dedelerimiz bu Vatan için canlarını verdi, biz de ülkemizin hak ettiği şekilde hizmet almasını istiyoruz. Ancak bugün, 4000 yıllık tarihi olan Manis...","ben kimsenin kölesi değilim, çıkar ilişkileriyle ayakta kalanlardan da değilim. bu ülkenin binlerce yıllık tarihine sahip çıkan bir türk vatandaşıyım. dedelerimiz bu vatan için canlarını verdi, biz de ülkemizin hak ettiği şekilde hizmet almasını istiyoruz. ancak bugün, 4000 yıllık tarihi olan manis..."
"Bursa Osmangazi Çiftehavuzlar Çekirge Sokak No: 6'da oturmaktayım. Türk Telekom'a bağlı Bananet firması, fiber kablo çekerken evime yaptırdığım yalıtıma, merdiven kurarken zarar vermiştir. Binanın birçok yerine merdiven kurulmuş ve duvarlar hasar görmüştür. Firma tarafından bu zararın karşılanmasını...","bursa osmangazi çiftehavuzlar çekirge sokak no 6 da oturmaktayım. türk telekom a bağlı bananet firması, fiber kablo çekerken evime yaptırdığım yalıtıma, merdiven kurarken zarar vermiştir. binanın birçok yerine merdiven kurulmuş ve duvarlar hasar görmüştür. firma tarafından bu zararın karşılanmasını..."
Türk Telekom faturama haksız sebeple 3 kez Fiyat Yansımış. Sil Süpür Kampanyasından Vermiş Olduğu Youtube.com Paketi Harici Herhangi Bir İşlem Yapmadığım Halde Faturamı Yükseltmişler. Müşteri Hizmetlerini Aradığımda Biz bir şey Yapamıyoruz diyorlar Bu Şekilde Mağdur Olan Binlerce Vatandaş Var. Kendi...,türk telekom faturama haksız sebeple 3 kez fiyat yansımış. sil süpür kampanyasından vermiş olduğu youtube.com paketi harici herhangi bir i şlem yapmadığım halde faturamı yükseltmişler. müşteri hizmetlerini aradığımda biz bir şey yapamıyoruz diyorlar bu şekilde mağdur olan binlerce vatandaş var. kendi...
Bir haftadır takip ediyorum. Her gün gece 01.00 sularında internetim kesiliyor. Müşteri temsilcisi ile görüşmem esnasında sürekli olarak müşteri temsilcisinin ne hikmetse sesi gidiyor. Söylediklerim bana geri dönüyor ve telefon suratıma kapatılıyor. Bir de üstelik bu firma sözde telekomünikasyon dev...,bir haftadır takip ediyorum. her gün gece 01.00 sularında internetim kesiliyor. müşteri temsilcisi ile görüşmem esnasında sürekli olarak müşteri temsilcisinin ne hikmetse sesi gidiyor. söylediklerim bana geri dönüyor ve telefon suratıma kapatılıyor. bir de üstelik bu firma sözde telekomünikasyon dev...
"Bana sözler verildi. Haziran 2025 sonuna kadar tamamlanacak diye, bunu yapamadınız. Temmuz ayının 10. Gününde beni tekrar çağırıp ıslak imza alıp 1-2 güne tamamlıyoruz dediniz bunu da yapamadınız. 14 Temmuz'da bir şikayet oluşturdum 20 Temmuz'da buna dönüş yapıldı ve 25 Temmuz'a kadar altyapı süreci...","bana sözler verildi. haziran 2025 sonuna kadar tamamlanacak diye, bunu yapamadınız. temmuz ayının 10. gününde beni tekrar çağırıp ıslak imza alıp 1 2 güne tamamlıyoruz dediniz bunu da yapamadınız. 14 temmuz da bir şikayet oluşturdum 20 temmuz da buna dönüş yapıldı ve 25 temmuz a kadar altyapı süreci..."
"İnanılmaz sorumsuz bir firma. 10 gündür eve internet gelmedi, hâlâ wi-fi'yi bekliyoruz. Sürekli olarak şikayet kaydı oluşturuluyor fakat hiçbir çözüm üretilmiyor. Saha çalışanları çok yavaş ve gelmiyorlar. Sürekli olarak mağdur olursunuz.","i nanılmaz sorumsuz bir firma. 10 gündür eve internet gelmedi, h l wi fi yi bekliyoruz. sürekli olarak şikayet kaydı oluşturuluyor fakat hiçbir çözüm üretilmiyor. saha çalışanları çok yavaş ve gelmiyorlar. sürekli olarak mağdur olursunuz."
"Batman ilinden İzmir'e taşındım. Türk Telekom ev internetimin İzmir'e naklini istedim. 8 Temmuz'da nakil başvurusunda bulundum, bugün 25 Temmuz ve hala bağlantı sağlanmadı. Müşteri temsilcisini her aradığımda farklı bilgiler verip sürekli oyaladılar, bazen de telefon kesildi. Müşterisini bu kadar ma...","batman ilinden i zmir e taşındım. türk telekom ev internetimin i zmir e naklini istedim. 8 temmuz da nakil başvurusunda bulundum, bugün 25 temmuz ve hala bağlantı sağlanmadı. müşteri temsilcisini her aradığımda farklı bilgiler verip sürekli oyaladılar, bazen de telefon kesildi. müşterisini bu kadar ma..."
"Türk Telekom fiber paketi sattılar, altyapınız uygun diye ekiplerimiz gelecek, bağlayacak denildi. 07.04.2025 tarihinden itibaren hiçbir işlem yapılmadı. Her hafta internetim kopuyor. Bu kadar sorumsuz, müşterisine değer vermeyen bir firma görmedim. 25.07.2025 tarihinde hâlâ internet kesilmektedir. ...","türk telekom fiber paketi sattılar, altyapınız uygun diye ekiplerimiz gelecek, bağlayacak denildi. 07.04.2025 tarihinden itibaren hiçbir işlem yapılmadı. her hafta internetim kopuyor. bu kadar sorumsuz, müşterisine değer vermeyen bir firma görmedim. 25.07.2025 tarihinde h l internet kesilmektedir. ..."
"14 Haziran tarihinde Türk Telekom'a hattımı taşıdım. Taahhütlü olarak 350 ile 400 TL arası bir tutar söylendi. Bir ay sonra gelen faturam 1000 TL'nin üzerindeydi ve taahhüt yapılmadığını öğrendim. Türk Telekom'u aradığımda, Dijital Teknoloji Hizmetleri adında aracı bir firma üzerinden işlem yapıldığ...","14 haziran tarihinde türk telekom a hattımı taşıdım. taahhütlü olarak 350 ile 400 tl arası bir tutar söylendi. bir ay sonra gelen faturam 1000 tl nin üzerindeydi ve taahhüt yapılmadığını öğrendim. türk telekom u aradığımda, dijital teknoloji hizmetleri adında aracı bir firma üzerinden işlem yapıldığ..."
"Türk Telekom ev interneti nakil işlemi yapmak istiyorum. Müşteri hizmetlerine ulaşmak neredeyse imkânsız, hiçbir şekilde ulaşamıyorum. Şubeye gidiyorum, telefon üzerinden iletişime geçmemi söylüyorlar. Telefonla arıyorum, yine ulaşamıyorum. Müşteri hizmetlerine bağlanamıyorum. İletişimleri çok zayıf...","türk telekom ev interneti nakil işlemi yapmak istiyorum. müşteri hizmetlerine ulaşmak neredeyse imk nsız, hiçbir şekilde ulaşamıyorum. şubeye gidiyorum, telefon üzerinden iletişime geçmemi söylüyorlar. telefonla arıyorum, yine ulaşamıyorum. müşteri hizmetlerine bağlanamıyorum. i letişimleri çok zayıf..."
"Hattımı online olarak tam ve eksiksiz şekilde taşıdım. Taşıma işlemi gerçekleşti. Ancak esim geçişi sonrası esim bilgilerimi göndermiyorlar. Defalarca aradım, dönüş yapılmadı, çözüm sunulmadı, cevap verilmedi. Temsilciler konuya hakim değil ve farklı farklı yanlış bilgiler veriyorlar. 4 gündür telef...","hattımı online olarak tam ve eksiksiz şekilde taşıdım. taşıma işlemi gerçekleşti. ancak esim geçişi sonrası esim bilgilerimi göndermiyorlar. defalarca aradım, dönüş yapılmadı, çözüm sunulmadı, cevap verilmedi. temsilciler konuya hakim değil ve farklı farklı yanlış bilgiler veriyorlar. 4 gündür telef..."
10 yıldan fazladır Türk Telekom müşterisiyim. Ancak bugün başıma gelen olayı bir daha yaşamamak ya da başka müşterilerinizin de yaşamaması için kurumunuzca gerekli tedbirlerin alınmasını talep ediyorum. Olayın içeriği; 22 Temmuz 2025'te 0 850 771 18 17 numarasından arandım. Türk Telekom'dan aradıkl...,10 yıldan fazladır türk telekom müşterisiyim. ancak bugün başıma gelen olayı bir daha yaşamamak ya da başka müşterilerinizin de yaşamaması için kurumunuzca gerekli tedbirlerin alınmasını talep ediyorum. olayın içeriği 22 temmuz 2025 te 0 850 771 18 17 numarasından arandım. türk telekom dan aradıkl...
Türk Telekom'dan yeni bir hat almak istedim ve başvuru yaptım. Hat alım bilgisi eski eşimin telefonuna bildiri şeklinde gitti ve almış olduğum hattı iptal ettim. Aynı operatörden yeni hat almak istedim ve yetkili arkadaşa bu durumu özellikle belirttim; eski eşime hat bilgisi gidiyor böyle bir durum ...,türk telekom dan yeni bir hat almak istedim ve başvuru yaptım. hat alım bilgisi eski eşimin telefonuna bildiri şeklinde gitti ve almış olduğum hattı iptal ettim. aynı operatörden yeni hat almak istedim ve yetkili arkadaşa bu durumu özellikle belirttim eski eşime hat bilgisi gidiyor böyle bir durum ...
"Türk Telekom müşterisiydim. 22 Temmuz da hattıma ait taahhüdüm bitti. 21 Temmuz da Türk Telekom müşteri hizmetlerini arayarak farklı bir operatöre geçiş yapacağım yeni bir taahhüt vermemek için faturalı hattımı faturasıza taşımak istediğimi söyledim. 73,08 TL taahhüt süremi beklemediğim için bir ücr...","türk telekom müşterisiydim. 22 temmuz da hattıma ait taahhüdüm bitti. 21 temmuz da türk telekom müşteri hizmetlerini arayarak farklı bir operatöre geçiş yapacağım yeni bir taahhüt vermemek için faturalı hattımı faturasıza taşımak istediğimi söyledim. 73,08 tl taahhüt süremi beklemediğim için bir ücr..."
"Türk Telekom evde internetimi Mardin Kızıltepe'den İzmir Çiğli'ye nakil ettirmek için 10.07.2025 tarihinde nakil başvurusu yaptım. Bana ilk olarak naklimin 24.07.2025 tarihinde tamamlanacağı söylendi, fakat 23.07.2025 tarihinde saat 13:30 ile 18:00 arasında sizi ziyaret edeceğiz şeklinde SMS aldım. ...","türk telekom evde internetimi mardin kızıltepe den i zmir çiğli ye nakil ettirmek için 10.07.2025 tarihinde nakil başvurusu yaptım. bana ilk olarak naklimin 24.07.2025 tarihinde tamamlanacağı söylendi, fakat 23.07.2025 tarihinde saat 13 30 ile 18 00 arasında sizi ziyaret edeceğiz şeklinde sms aldım. ..."
"Yazlık sitemize Temmuz ortasında fiber altyapısı döşeniyor. (15 Eylül'e kadar tamamlanamaz deniyor.) Ayrıca, taşeron firma veya Türk Telekom mühendisliği gereği kabloların yerden belirli bir ölçünün altında geçmesi gerekirken, kablolar yerin üstüne taşmış durumda ve resimlerdeki gibi bırakıldı. Acil...","yazlık sitemize temmuz ortasında fiber altyapısı döşeniyor. 15 eylül e kadar tamamlanamaz deniyor. ayrıca, taşeron firma veya türk telekom mühendisliği gereği kabloların yerden belirli bir ölçünün altında geçmesi gerekirken, kablolar yerin üstüne taşmış durumda ve resimlerdeki gibi bırakıldı. acil..."
"10 yıldır Türk Telekom evde internet kullanıyorum. Adres değişikliği sebebiyle 2 aydan fazla süredir 'port yok' gerekçesiyle internet hizmeti alamıyor ve muhatap bulamıyorum. Bu sebepten dolayı iki GSM hattımı başka operatöre taşıdım. Çok ilgisiz bir firma, müşteri memnuniyeti sıfır.","10 yıldır türk telekom evde internet kullanıyorum. adres değişikliği sebebiyle 2 aydan fazla süredir port yok gerekçesiyle internet hizmeti alamıyor ve muhatap bulamıyorum. bu sebepten dolayı iki gsm hattımı başka operatöre taşıdım. çok ilgisiz bir firma, müşteri memnuniyeti sıfır."
"İnternet Altyapı Sorunumuzla Kimse İlgilenmiyor, İnternetsiz kaldık. Adresimizde uzun süredir internet altyapısı sorunu yaşıyoruz. Mevcut internet hızımız 1 Mbps’yi dahi geçmiyor, bu da günümüz koşullarında temel internet kullanımını bile imkansız hale getiriyor. Altyapı sağlayıcısı olarak Türk Tel...","i nternet altyapı sorunumuzla kimse i lgilenmiyor, i nternetsiz kaldık. adresimizde uzun süredir internet altyapısı sorunu yaşıyoruz. mevcut internet hızımız 1 mbps yi dahi geçmiyor, bu da günümüz koşullarında temel internet kullanımını bile imkansız hale getiriyor. altyapı sağlayıcısı olarak türk tel..."
Türk Telekom 7020495400 numaralı abonesiyim. 10.07.2025 tarihinde Turkcell firmasının apartmanımız önünde yaptığı kazı sırasında Türk Telekom fiber kablolarımız kopmuştur. Bu tarihten beri apartmana gelen tüm Türk Telekom kablolarının bağlantısı yoktur. Her gün müşteri hizmetleri aracılığıyla durumu...,türk telekom 7020495400 numaralı abonesiyim. 10.07.2025 tarihinde turkcell firmasının apartmanımız önünde yaptığı kazı sırasında türk telekom fiber kablolarımız kopmuştur. bu tarihten beri apartmana gelen tüm türk telekom kablolarının bağlantısı yoktur. her gün müşteri hizmetleri aracılığıyla durumu...
Türk Telekom Nakil İşlemi için 12/07/2025 tarihinde başvuru yapmıştım ancak bugün 24/07/2025 ve hala gelip interneti bağlamıyorlar. Bu firma Türkiye'nin en büyük Telekomünikasyon firması üstelik. Sadece nakil işlemini yapmadıkları gibi bir de bana nakil için verdikleri randevu tarihi ve saatine de u...,türk telekom nakil i şlemi için 12 07 2025 tarihinde başvuru yapmıştım ancak bugün 24 07 2025 ve hala gelip interneti bağlamıyorlar. bu firma türkiye nin en büyük telekomünikasyon firması üstelik. sadece nakil işlemini yapmadıkları gibi bir de bana nakil için verdikleri randevu tarihi ve saatine de u...
"24 Temmuz 2025 tarihinde saat 12:22'de, Türk Telekom'dan aradığını söyleyen 0212 901 06 20 numaralı telefondan arandım. İnternetimle ilgili altyapı problemi olduğu ve işlem yapılması gerektiği belirtildi. İşlem olarak modemin değişmesi gerektiği ve 4bin küsur tl ödeme yapmam gerektiği söylendi. Fat...","24 temmuz 2025 tarihinde saat 12 22 de, türk telekom dan aradığını söyleyen 0212 901 06 20 numaralı telefondan arandım. i nternetimle ilgili altyapı problemi olduğu ve işlem yapılması gerektiği belirtildi. i şlem olarak modemin değişmesi gerektiği ve 4bin küsur tl ödeme yapmam gerektiği söylendi. fat..."
Sn. ; Türk Telekom Yetkilisi ; Vodafone Net ev internetimi taşınmadan dolayı 09.07.2025 tarihi nde nakil işlemlerimi başlattım. Ancak bugün 21.07.2025 tarih olmasına rağmen hala nakil işlemlerim tamamlanamadı. Bulunduğum köyde ne fiber kablo var ne de döşeyecek usta var! Türk Telekom binamızın için...,sn. türk telekom yetkilisi vodafone net ev internetimi taşınmadan dolayı 09.07.2025 tarihi nde nakil işlemlerimi başlattım. ancak bugün 21.07.2025 tarih olmasına rağmen hala nakil işlemlerim tamamlanamadı. bulunduğum köyde ne fiber kablo var ne de döşeyecek usta var! türk telekom binamızın için...
Pazar günü internet başvurusunda bulundum ve bana pazartesi günü kuruluma gelineceğine dair mesaj geldi. Ancak pazartesi gelen giden olmadı. Salı günü müşteri hizmetlerinden başka bir randevu oluşturmak için arandım ve o günün dolu olduğunu çarşamba günü 13.30 ile 18.00 arası kuruluma gelinebileceği...,pazar günü internet başvurusunda bulundum ve bana pazartesi günü kuruluma gelineceğine dair mesaj geldi. ancak pazartesi gelen giden olmadı. salı günü müşteri hizmetlerinden başka bir randevu oluşturmak için arandım ve o günün dolu olduğunu çarşamba günü 13.30 ile 18.00 arası kuruluma gelinebileceği...
Türk Telekom gibi rezil eden firma görmedim. Bursa'da bir büyükşehir merkezinde çekmiyor şikayet sonucu aldığım cevap orada bir vericimiz yok bir şey yapamayız. Evimde telefonumu internetimi kullanamıyorum. Yunuseli'de Gemlik'te Kiremitçi Mahallesi'nde birçok yerde çekim sorunu yaşıyorum ve sadece b...,türk telekom gibi rezil eden firma görmedim. bursa da bir büyükşehir merkezinde çekmiyor şikayet sonucu aldığım cevap orada bir vericimiz yok bir şey yapamayız. evimde telefonumu internetimi kullanamıyorum. yunuseli de gemlik te kiremitçi mahallesi nde birçok yerde çekim sorunu yaşıyorum ve sadece b...
"Türk Telekom ev interneti abonesiyim. 23 Temmuz 2025 saat15.20 de internet kesildi, müşteri hizmetlerini aradım. Telefondaki görevli ""Modeminizin anakartı yanmış, patlama riski var, yeni yasaya göre modeminizin değişmesi, bunun için de en az 3.590. Tl ödemeniz gerekiyor,72 saat içinde yeni modeminiz...","türk telekom ev interneti abonesiyim. 23 temmuz 2025 saat15.20 de internet kesildi, müşteri hizmetlerini aradım. telefondaki görevli modeminizin anakartı yanmış, patlama riski var, yeni yasaya göre modeminizin değişmesi, bunun için de en az 3.590. tl ödemeniz gerekiyor,72 saat içinde yeni modeminiz..."
"Aşağıda bilgileri belirtilen adreste bulunan binamızda, Sözleşme Hesap No: 415390/095 numaralı abonelik kapsamında, Çırçır Mahallesi, Sunar Sokak, No:6-12, Daire:29 adresinde, 22 Temmuz 2025 saat 11:10 itibarıyla başlayan elektrik kesintisi, bu yazının yazıldığı 23 Temmuz 2025 saat 10:00 itibarıyla ...","aşağıda bilgileri belirtilen adreste bulunan binamızda, sözleşme hesap no 415390 095 numaralı abonelik kapsamında, çırçır mahallesi, sunar sokak, no 6 12, daire 29 adresinde, 22 temmuz 2025 saat 11 10 itibarıyla başlayan elektrik kesintisi, bu yazının yazıldığı 23 temmuz 2025 saat 10 00 itibarıyla ..."
Akçaburgaz Mah. O**** G******* cad. No:5 Esenyurt/İST (cht kimya ve mcs Group firma önü) 2 ad. Telefon direği devrildi. Türk Telekom'a bildirdiğimiz halde 2 aydır ilgilenen kimse olmadı. Kablolar yerlerde çürüdü. Direkleri kendi imkanlarımızla halatlarla bağladık emanet duruyor. Bu ilgisizlik ve s...,akçaburgaz mah. o g cad. no 5 esenyurt i st cht kimya ve mcs group firma önü 2 ad. telefon direği devrildi. türk telekom a bildirdiğimiz halde 2 aydır ilgilenen kimse olmadı. kablolar yerlerde çürüdü. direkleri kendi imkanlarımızla halatlarla bağladık emanet duruyor. bu ilgisizlik ve s...
8848723385 hizmet numaralı Türk Telekom internetimiz için yaşadığımız bağlantı problemi 20 gündür Türk Telekom tarafından çözülmüyor. Çözülmüyor diyorum Çünkü arıza açıldıktan sonra gönderilen otomatik mesajdan başka en ufak bir geri dönüş veya uğraştıklarına dair bir ibare yok. Arıyoruz genel arı...,8848723385 hizmet numaralı türk telekom internetimiz için yaşadığımız bağlantı problemi 20 gündür türk telekom tarafından çözülmüyor. çözülmüyor diyorum çünkü arıza açıldıktan sonra gönderilen otomatik mesajdan başka en ufak bir geri dönüş veya uğraştıklarına dair bir ibare yok. arıyoruz genel arı...
